source,author,title,description,url,urlToImage,publishedAt
b'Jeuneafrique.com',b'Frida Dahmani',b'Kafka a Tunis',"b'Apres le retrait de la Tunisie sur la liste noire des "" juridictions non cooperatives en matiere fiscale "", le 23 janvier dernier, le gouvernement tunisien n\'a pas d\'autre choix que de remettre le pays sur les rails, analyse Frida Dahmani, journaliste a JA.'",b'http://www.jeuneafrique.com/mag/531860/politique/kafka-a-tunis/',b'http://www.jeuneafrique.com/medias/2017/11/01/sipa_ap22123756_000003-640x320-1509545287.jpg',b'2018-03-02T16:03:00Z'
b'Allafrica.com',b'',b'Tunisie:Un mort et 60 blesses dans la collision de deux trains de la banlieue sud',"b"" Tunis -La collision entre deux trains de passagers reliant la banlieue sud de Tunis a fait un mort et 60 blesses jeudi soir, selon un premier bilan annonce par le ministere de l'interieur.""",b'http://fr.allafrica.com/stories/201805040237.html',b'http://allafrica.com/static/images/structure/aa-logo-rgba-no-text-128x128.png',b'2018-05-04T08:03:46Z'
b'Allafrica.com',b'',"b""Tunisie:Jamel Ben Guirat nouveau coordinateur de la redaction nationale a l'Agence TAP""","b"" Tunis -Le journaliste, Jamel Ben Guirat, a ete elu nouveau coordinateur de la redaction nationale a l'Agence Tunis-Afrique-Presse (TAP) pour un mandat de deux ans.""",b'http://fr.allafrica.com/stories/201804280041.html',b'http://allafrica.com/static/images/structure/aa-logo-rgba-no-text-128x128.png',b'2018-04-28T01:39:32Z'
b'Allafrica.com',b'',"b""Tunisie:L'UE promet d'aider financierement la Tunisie jusqu'en 2020 (Jean-Claude Juncker)""","b"" Tunis/Tunisie -- L'Union europeenne va aider financierement la Tunisie jusqu'en 2020, a promis mardi a Bruxelles le president de la commission europeenne Jean-Claude Juncker.""",b'http://fr.allafrica.com/stories/201804250579.html',b'http://allafrica.com/static/images/structure/aa-logo-rgba-no-text-128x128.png',b'2018-04-25T11:55:31Z'
b'Espacemanager.com',b'None',"b""Tuni'SEO ISG : Nouveau Club universitaire de marketing digital""","b'Tuni\xe2\x80\x99SEO ISG Club, c\xe2\x80\x99est un nouveau club universitaire specialise dans le marketing digital qui sera lance a l\xe2\x80\x99Institut Superieur de Gestion de Tunis (ISG Tunis).'",b'https://www.espacemanager.com/tuniseo-isg-nouveau-club-universitaire-de-marketing-digital.html',b'https://www.espacemanager.com/sites/default/files/field/image/tuniseo_isg_club.jpg',b'2018-03-02T17:56:34Z'
b'Liberation',b'Liberation.fr',b'Boulevard de cliches a Tunis',"b'Trop simpliste et manquant de rythme, \xc2\xabl\xe2\x80\x99Amour des hommes\xc2\xbb, de Mehdi Ben Attia, dresse le portrait d\xe2\x80\x99une jeune veuve qui s\xe2\x80\x99emancipe par la photo de charme au masculin.'",b'http://next.liberation.fr/cinema/2018/02/27/boulevard-de-cliches-a-tunis_1632717',b'http://md1.libe.com/photo/1100414-photo_hd_05jpg.jpg?modified_at=1519755675&amp;picto=fb&amp;ratio_x=191&amp;ratio_y=100&amp;width=600',b'2018-02-27T18:16:12Z'
b'Allafrica.com',b'',"b""Tunisie:Municipales - Resultats preliminaires de l'Ariana""","b"" Tunis -Voici les resultats preliminaires des elections municipales dans les circonscriptions de l'Ariana""",b'http://fr.allafrica.com/stories/201805110058.html',b'http://allafrica.com/static/images/structure/aa-logo-rgba-no-text-128x128.png',b'2018-05-11T01:31:28Z'
b'Ledevoir.com',b'webmestre@ledevoir.com (Agence France-Presse)',b'Ennahdha en tete mais sans majorite a Tunis',b'Tunis \xe2\x80\x94 Le parti islamiste Ennahdha est arrive en tete a Tunis a l\xe2\x80\x99issue des premieres municipales...',b'https://www.ledevoir.com/monde/afrique/527401/ennahdha-en-tete-mais-sans-majorite-a-tunis',b'//www.ledevoir.com/images/ul/graphiques/logo_devoir_facebook.gif?20131118',b'2018-05-10T01:57:02Z'
b'Allafrica.com',b'',"b""Tunisie:Chahed - L'Accord de Libre Echange Complet et Approfondi avec l'UE sera signe en 2019""","b"" Tunis/Tunisie -L'Accord de Libre Echange Complet et Approfondi (ALECA) entre la Tunisie et l'Union europeenne (UE) sera signe en 2019, a declare, mardi, a Bruxelles le chef du gouvernement, Youssef Chahed.""",b'http://fr.allafrica.com/stories/201804250580.html',b'http://allafrica.com/static/images/structure/aa-logo-rgba-no-text-128x128.png',b'2018-04-25T11:55:35Z'
b'Allafrica.com',b'',b'Tunisie:Municipales-2018 - Taux de participation des securitaires et militaires a atteint 12%',"b"" Tunis -Le taux de participation des securitaires et militaires au vote pour les elections municipales 2018 a atteint 12% a l'echelle nationale, a annonce, dimanche soir, l'Instance Superieure Independante pour les Elections (ISIE).""",b'http://fr.allafrica.com/stories/201804300614.html',b'http://allafrica.com/static/images/structure/aa-logo-rgba-no-text-128x128.png',b'2018-04-30T11:10:01Z'
b'Allafrica.com',b'',b'Tunisie:Ajustement partiel des prix de vente des produits petroliers',"b"" Tunis -Le ministere de l'Energie, des mines et des energies renouvelables a annonce, qu'a partir du dimanche 1er avril 2018, a zero heure, les prix de vente au public des produits petroliers seront modifies comme suit :""",b'http://fr.allafrica.com/stories/201804020352.html',b'http://allafrica.com/static/images/structure/aa-logo-rgba-no-text-128x128.png',b'2018-04-02T18:41:05Z'
b'Allafrica.com',b'',"b""Tunisie:Le Syndicat general de l'information brandi la menace de greve generale dans l'ensemble des medias publics""","b"" Tunis -Le Syndicat general de l'Information a brandi, samedi, la \xc2\xab menace de greve generale \xc2\xbb, sur fond du climat difficile qui prevaut dans les organes de presse publique et les etablissements mediatiques confisques.""",b'http://fr.allafrica.com/stories/201803310264.html',b'http://allafrica.com/static/images/structure/aa-logo-rgba-no-text-128x128.png',b'2018-03-31T19:45:43Z'
b'Allafrica.com',b'',"b""Algerie:L'Algerie decroche 4 prix au Festival arabe des radios et televisions a Tunis""","b""[Algerie Presse Service] Tunis -L'Algerie a decroche quatre prix a la 19e session du Festival arabe des radios et televisions tenu a Tunis, trois pour la Television algerienne et un pour la Radio nationale.""",b'http://fr.allafrica.com/stories/201804301034.html',b'http://allafrica.com/static/images/structure/aa-logo-rgba-no-text-128x128.png',b'2018-04-30T17:16:20Z'
b'Allafrica.com',b'',"b""Tunisie:Les elections municipales n'est pas un conflit politique, estime Abdelfattah Mourou""","b"" Tunis -Les elections municipales n'est pas un conflit entre les partis politiques, mais plutot, une concurrence au service de l'interet general du pays a affirme, jeudi, le vice-president du mouvement Ennahdha Abdelfattah Mourou.""",b'http://fr.allafrica.com/stories/201805030936.html',b'http://allafrica.com/static/images/structure/aa-logo-rgba-no-text-128x128.png',b'2018-05-03T17:21:14Z'
b'Challenges.fr',b'Challenges.fr',b'L\xe2\x80\x99eloge d\xe2\x80\x99un diplomate: embarquement pour Tunis',"b'L\xe2\x80\x99ambassadeur de France en Tunisie raconte son coup de coeur pour un pays qu\xe2\x80\x99il a decouvert il y a trente ans. Pour ses sites archeologiques, ses evocations litteraires, son elan democratique, l\xe2\x80\x99enthousiasme de sa population surtout.'",b'https://www.challenges.fr/monde/afrique/l-eloge-d-un-diplomate-embarquement-pour-tunis_577490?xtor=RSS-32',b'None',b'2018-04-01T12:00:00Z'
b'Allafrica.com',b'',b'Tunisie:Municipales 2018 - Resultats preliminaires dans la circonscription du Kef',b' Tunis -Voici les resultats preliminaires des elections municipales dans la circonscription du Kef:',b'http://fr.allafrica.com/stories/201805110206.html',b'http://allafrica.com/static/images/structure/aa-logo-rgba-no-text-128x128.png',b'2018-05-11T08:17:06Z'
b'Allafrica.com',b'',b'Tunisie:Municipales 2018 - Resultats preliminaires dans le gouvernorat de Beja',b' Tunis -Les resultats preliminaires des elections municipales 2018 dans le gouvernorat de Beja sont comme suit :',b'http://fr.allafrica.com/stories/201805110039.html',b'http://allafrica.com/static/images/structure/aa-logo-rgba-no-text-128x128.png',b'2018-05-11T01:14:33Z'
b'Allafrica.com',b'',b'Tunisie:Municipales 2018 - Resultats preliminaires dans le gouvernorat de Sidi Bouzid',b' Tunis -Les resultats preliminaires des elections municipales 2018 dans le gouvernorat de Sidi Bouzid sont comme suit :',b'http://fr.allafrica.com/stories/201805110038.html',b'http://allafrica.com/static/images/structure/aa-logo-rgba-no-text-128x128.png',b'2018-05-11T01:14:22Z'
b'Lexpress.fr',b'None',"b""Des Tunisiennes manifestent pour reclamer l'egalite dans l'heritage""","b'Tunis - Plus d\'un millier de Tunisiens, en majorite des femmes, ont defile samedi a Tunis pour reclamer l\'egalite des sexes en matiere d\'heritage, scandant que c\'etait ""un droit, pas une faveur"".'",b'https://www.lexpress.fr/actualites/1/monde/des-tunisiennes-manifestent-pour-reclamer-l-egalite-dans-l-heritage_1991394.html',"b'https://static.lexpress.fr/medias_11775/w_605,h_350,c_fill,g_north/v1520713989/de-tunisiens-en-majorite-des-femmes-defilent-a-tunis-pour-reclamer-l-egalite-des-sexes-en-matiere-d-heritage-le-10-mars-2018_6028988.jpg'",b'2018-03-10T20:32:09Z'
b'Allafrica.com',b'',b'Tunisie:Municipales 2018 - Resultats preliminaires dans la circonscription de Nabeul II',b' Tunis -Voici les resultats preliminaires des elections municipales dans la circonscription de Nabeul II:',b'http://fr.allafrica.com/stories/201805110059.html',b'http://allafrica.com/static/images/structure/aa-logo-rgba-no-text-128x128.png',b'2018-05-11T01:31:30Z'
b'Allafrica.com',b'',b'Tunisie:Muncipales 2018 - Resultats preliminaires dans la circonscription de Nabeul I',b' Tunis -Voici les resultats preliminaires des elections municipales dans la circonscription de Nabeul I:',b'http://fr.allafrica.com/stories/201805110057.html',b'http://allafrica.com/static/images/structure/aa-logo-rgba-no-text-128x128.png',b'2018-05-11T01:31:23Z'
b'Allafrica.com',b'',b'Tunisie:Municipales 2018 - Nidaa Tounes fait etat de graves infractions lors du deroulement du scrutin',"b"" Tunis -Le Mouvement Nidaa Tounes a fait etat ce dimanche, jour du scrutin municipal, de \xc2\xab graves infractions \xc2\xbb lors du deroulement de l'operation de vote.""",b'http://fr.allafrica.com/stories/201805070949.html',b'http://allafrica.com/static/images/structure/aa-logo-rgba-no-text-128x128.png',b'2018-05-07T17:36:20Z'
b'Allafrica.com',b'',"b""Tunisie:Municipales 2018 - Taux de participation de 21 pc jusqu'a 15h00 (ISIE)""","b"" Tunis -Jusqu'a 15 heures, le taux de participation aux elections municipales a atteint 21 pc, a indique l'Instance superieure independante pour les elections.""",b'http://fr.allafrica.com/stories/201805070527.html',b'http://allafrica.com/static/images/structure/aa-logo-rgba-no-text-128x128.png',b'2018-05-07T10:54:27Z'
b'Allafrica.com',b'',b'Tunisie:Le pays profondement preoccupe par les developpements en Syrie (MAE)',"b"" Tunis -La Tunisie a exprime, samedi, sa profonde preoccupation face aux developpements survenus sur la scene syrienne, exhortant la communaute internationale a redoubler d'efforts pour eviter toute escalade susceptible de compliquer la \xe2\x80\xa6""",b'http://fr.allafrica.com/stories/201804200759.html',b'http://allafrica.com/static/images/structure/aa-logo-rgba-no-text-128x128.png',b'2018-04-20T13:12:37Z'
b'Allafrica.com',b'',b'Tunisie:Decouverte par la methode satellitaire de plusieurs sites archeologiques dans le sud tunisien',"b"" Tunis -Dix nouveaux sites archeologiques datant de l'epoque romaine ont ete trouves dans le sud tunisien grace a l'utilisation pour la premiere fois en Tunisie de la methode satellitaire et des technologies spatiales, et ce, dans le cad\xe2\x80\xa6""",b'http://fr.allafrica.com/stories/201804200763.html',b'http://allafrica.com/static/images/structure/aa-logo-rgba-no-text-128x128.png',b'2018-04-20T13:12:52Z'
b'France24.com',b'FRANCE24',b'La Cite de la Culture a Tunis ouvre ses portes',"b""La Cite de la Culture, mega-complexe dont le gouvernement veut faire le coeur de la culture tunisienne, a ete inauguree en grande pompe, plus de dix ans apres son lancement. Le complexe comprend un musee d'art contemporain, une salle d'opera, deux theatres, u\xe2\x80\xa6""",b'http://www.france24.com/fr/video/20180322-cite-culture-a-tunis-ouvre-portes',b'http://scd.france24.com/fr/files_fr/imagecache/france24_large_652_338/2018-03-22_0817_tunisie.jpeg',b'2018-03-22T09:41:00Z'
b'Ledevoir.com',b'webmestre@ledevoir.com (Agence France-Presse)',b'Tunisie: les travaux semes d\xe2\x80\x99embuches de l\xe2\x80\x99Instance Verite et Dignite',"b'Tunis \xe2\x80\x94 L\xe2\x80\x99Instance Verite et Dignite (IVD), instauree en 2014 pour rendre justice aux victimes de la...'",b'https://www.ledevoir.com/monde/afrique/523923/tunisie-les-travaux-semes-d-embuches-de-l-instance-verite-et-dignite',b'https://media2.ledevoir.com/images_galerie/nwd_608390_459046/image.jpg?ts=1522287693',b'2018-03-29T01:41:33Z'
b'Allafrica.com',b'',"b'Tunisie:Municipales 2018 - ""Le taux de participation generale a atteint 33,7%"", selon Mansri'","b"" Tunis -Le taux de participation generale aux elections municipales a atteint 33,7%, a annonce, dimanche soir, le president de l'Instance superieure independante pour les elections (ISIE), Mohamed Tlili Mansri.""",b'http://fr.allafrica.com/stories/201805070397.html',b'http://allafrica.com/static/images/structure/aa-logo-rgba-no-text-128x128.png',b'2018-05-07T09:31:39Z'
b'Allafrica.com',b'',b'Tunisie:Municipales 2018 - Proclamation des resultats preliminaires dans les differentes circonscriptions electorales',"b"" Tunis -L'Instance superieure independante pour les elections (ISIE) a entame mercredi soir a partir de 20H00 la proclamation des resultats preliminaires des elections municipales 2018 dans les differentes circonscriptions electorales.""",b'http://fr.allafrica.com/stories/201805100647.html',b'http://allafrica.com/static/images/structure/aa-logo-rgba-no-text-128x128.png',b'2018-05-10T20:43:34Z'
b'Lexpress.fr',b'None',b'Municipales/Tunisie: Ennahdha en tete mais sans majorite a Tunis',"b""Tunis - Le parti islamiste Ennahdha est arrive en tete a Tunis a l'issue des premieres municipales democratiques du pays, un resultat qui ne lui garantit cependant pas de controler la capitale a defaut de majorite.""",b'https://www.lexpress.fr/actualites/1/monde/municipales-tunisie-ennahdha-en-tete-mais-sans-majorite-a-tunis_2007376.html',"b'https://static.lexpress.fr/medias_11829/w_605,h_350,c_fill,g_north/v1525900328/les-membres-de-l-instance-chargee-d-organiser-les-elections-municipales-tunisiennes-annoncent-les-resultats-a-tunis-le-09-mai-2018_6056674.jpg'",b'2018-05-09T21:10:54Z'
b'Allafrica.com',b'',b'Tunisie:Sommet arabe 2018 - Caid Essebsi examine avec le president palestinien le developpement de la situation dans la region',"b"" Tunis/Tunisie -DHAHRAN (ARABIE SAOUDITE), 15 avril (de l'envoyee de TAP Dhouha Talik)- Le president de la Republique Beji Caid Essebsi a recu samedi soir, au siege de sa residence a Dhahran en Arabie Saoudite, le president palestinien M\xe2\x80\xa6""",b'http://fr.allafrica.com/stories/201804200765.html',b'http://allafrica.com/static/images/structure/aa-logo-rgba-no-text-128x128.png',b'2018-04-20T13:13:00Z'
b'Allafrica.com',b'',"b""Tunisie:Les quatre courts-metrages du programme \xc2\xabFactory tunisia 2018\xc2\xbb presentes a Tunis, l'avant-premiere mondiale le 9 mai a Cannes""","b' Tunis -Les quatre courts-metrages de fiction du programme \xc2\xabFactory tunisia 2018\xc2\xbb, co-ecrits et co-realises en 2018 par des couples de realisateurs et realisatrices tunisiens et etrangers representant six nationalites, ont ete projetes, \xe2\x80\xa6'",b'http://fr.allafrica.com/stories/201805060086.html',b'http://allafrica.com/static/images/structure/aa-logo-rgba-no-text-128x128.png',b'2018-05-06T12:15:02Z'
b'Allafrica.com',b'',"b'Tunisie:Foussana-Mont Bireno - Le cadavre retrouve est celui de Bilel Basdouri, membre de la brigade Okba Ibn Nafaa (source securitaire)'","b"" Tunis -Le cadavre du terroriste retrouve vendredi sur le mont Bireno dans la delegation de Foussana, au gouvernorat de Kasserine, est celle du terroriste Bilel Basdouri selon les premiers elements recueillis en attendant l'autopsie du c\xe2\x80\xa6""",b'http://fr.allafrica.com/stories/201805050063.html',b'http://allafrica.com/static/images/structure/aa-logo-rgba-no-text-128x128.png',b'2018-05-05T08:41:14Z'
b'Lexpress.fr',b'None',"b'Tunis inaugure sa pharaonique Cite de la Culture, avec Claudia Cardinale'","b""Tunis - Claudia Cardinale, concert du tout nouvel orchestre de l'opera de Tunis: la Cite de la Culture, mega-complexe dont le gouvernement veut faire le coeur de la culture tunisienne, a ete inauguree en grande pompe mercredi, plus de dix ans apres son lancem\xe2\x80\xa6""",b'https://www.lexpress.fr/actualites/1/culture/tunis-inaugure-sa-pharaonique-cite-de-la-culture-avec-claudia-cardinale_1994322.html',"b'https://static.lexpress.fr/medias_11784/w_605,h_350,c_fill,g_north/v1521635595/photo-d-une-des-facades-et-de-la-geode-de-la-cite-de-la-culture-mega-projet-inaugure-le-21-mars-2018-a-tunis_6033430.jpg'",b'2018-03-21T20:24:05Z'
b'Lexpress.fr',b'None',"b'Tunis inaugure son mega-projet de Cite de la Culture, avec Claudia Cardinale'","b""Tunis - Le gouvernement tunisien inaugure mercredi, en presence de l'actrice italo-tunisienne Claudia Cardinale, la Cite de la Culture, un mega-projet en plein centre de Tunis lance il y a plus 10 ans sous l'ancien dictateur Zine el Abidine Ben Ali et un temp\xe2\x80\xa6""",b'https://www.lexpress.fr/actualites/1/culture/tunis-inaugure-son-mega-projet-de-cite-de-la-culture-avec-claudia-cardinale_1994172.html',"b'https://static.lexpress.fr/medias_11784/w_605,h_350,c_fill,g_north/v1521635595/photo-d-une-des-facades-et-de-la-geode-de-la-cite-de-la-culture-mega-projet-inaugure-le-21-mars-2018-a-tunis_6033430.jpg'",b'2018-03-21T12:32:00Z'
b'Allafrica.com',b'',b'Tunisie:Beja / Circuit touristique et culturel a Testour (Encadre)',"b' Tunis/Tunisie -La region de Testour abrite un circuit ""de pres de 1,5 km au coeur de la ville qui couvre mosquees, mausolees et autres espaces publics dont le cafe Andalous, les hammams, les jets-d\'eau, les pots a fleurs et les boutique\xe2\x80\xa6'",b'http://fr.allafrica.com/stories/201803310208.html',b'http://allafrica.com/static/images/structure/aa-logo-rgba-no-text-128x128.png',b'2018-03-31T17:16:49Z'
b'Allafrica.com',b'',"b""Tunisie:Rassemblement a Tunis pour denoncer un \xc2\xab acte \xe2\x80\x8ed'agression \xc2\xbb contre la Syrie""","b"" Tunis -Quelques heures apres les frappes menees par les Etats-?Unis, la France et le Royaume-Uni contre la Syrie, des ?politiques et representants de la societe civile tunisienne ont ?reagi en denoncant \xc2\xab un acte d'agression commis cont\xe2\x80\xa6""",b'http://fr.allafrica.com/stories/201804200755.html',b'http://allafrica.com/static/images/structure/aa-logo-rgba-no-text-128x128.png',b'2018-04-20T13:12:17Z'
b'Allafrica.com',b'',b'Tunisie:Enseignement secondaire - La federation generale annonce la levee de la retenue des notes du premier semestre',"b"" Tunis -La federation generale de l'enseignement secondaire a decide de suspendre la retenue des notes du premier semestre de l'actuelle saison scolaire, au terme de la reunion au niveau regional, tenue vendredi au siege de l'Union Gener\xe2\x80\xa6""",b'http://fr.allafrica.com/stories/201804280042.html',b'http://allafrica.com/static/images/structure/aa-logo-rgba-no-text-128x128.png',b'2018-04-28T01:41:06Z'
b'Allafrica.com',b'',b'Tunisie:Municipales 2018 - Resultats preliminaires dans la circonscription de Denden (Gouvernorat de la Manouba)',"b' Tunis -Les resultats preliminaires des elections municipales 2018 dans la circonscription de Denden du gouvernorat de la Manouba, selon les rapports de depouillement des bulletins de vote, sont comme suit :'",b'http://fr.allafrica.com/stories/201805070439.html',b'http://allafrica.com/static/images/structure/aa-logo-rgba-no-text-128x128.png',b'2018-05-07T09:56:40Z'
b'Allafrica.com',b'',b'Tunisie:Municipales 2018 - Les resultats preliminaires dans la circonscription de Rejiche',"b' Tunis -Les resultats preliminaires des elections municipales 2018 dans la circonscription de Rejiche du gouvernorat de Mahdia, selon les rapports de depouillement des bulletins de vote, sont comme suit :'",b'http://fr.allafrica.com/stories/201805070379.html',b'http://allafrica.com/static/images/structure/aa-logo-rgba-no-text-128x128.png',b'2018-05-07T09:21:40Z'
b'Allafrica.com',b'',"b'Tunisie:Municipales 2018 - Quelque 120 graves infractions electorales soumises au ministere public, selon Anouar Belhassan'","b"" Tunis -Quelque 120 graves infractions electorales ont ete soumises au ministere public, a annonce mercredi, Anouar Belhassan, membre de l'Instance superieure independante pour les elections (ISIE).""",b'http://fr.allafrica.com/stories/201805100341.html',b'http://allafrica.com/static/images/structure/aa-logo-rgba-no-text-128x128.png',b'2018-05-10T09:54:45Z'
b'Allafrica.com',b'',"b""Tunisie:Kromberg & Schubert Beja, une aubaine pour les employes de l'entreprise et la region""","b"" Tunis/Tunisie -Au sein de l'unite de production a l'usine Kromberg & Schubert, Beja, l'echo etait assez intense, entre le son des machines en marche et le haut parleur d'ou parvenait une voix feminine souhaitant la bienvenue, en arabe, \xe2\x80\xa6""",b'http://fr.allafrica.com/stories/201803310047.html',b'http://allafrica.com/static/images/structure/aa-logo-rgba-no-text-128x128.png',b'2018-03-31T01:07:31Z'
b'Allafrica.com',b'',"b'Tunisie:Beja / Testour, un site historique et environnemental a valoriser illico presto'","b' Tunis/Tunisie -Faisant le tour de la grande mosquee de Testour, le visiteur se trouve du cote nord-est ou est visible son celebre minaret rectangulaire pour ensuite acceder a la cour secondaire, autour de la galerie hypostyle qui abrite\xe2\x80\xa6'",b'http://fr.allafrica.com/stories/201804020351.html',b'http://allafrica.com/static/images/structure/aa-logo-rgba-no-text-128x128.png',b'2018-04-02T18:41:00Z'
b'Allafrica.com',b'',b'Tunisie:Huit films de realisatrices tunisiennes le 8 mars a Paris',"b"" Tunis -Le 7eme art tunisien, au feminin, sera a l'honneur a Paris, dans la soiree de jeudi, 8 mars 2018, a travers une projection dediee a huit oeuvres inedites de cineastes femmes qui seront projetees a la salle de cinema \xc2\xabla Clef\xc2\xbb, an\xe2\x80\xa6""",b'http://fr.allafrica.com/stories/201803050276.html',b'http://allafrica.com/static/images/structure/aa-logo-rgba-no-text-128x128.png',b'2018-03-05T09:04:40Z'
b'Allafrica.com',b'',"b""Tunisie:Ennaceur appelle a un nouveau contrat social pour faire valoir l'interet national""","b"" Tunis -Le president de l'Assemblee des representants du peuple (ARP), Mohamed Ennaceur, a appele, samedi, toutes les parties (deputes, partis politiques, societe civile) a adopter un nouveau contrat social afin de faire valoir l'interet\xe2\x80\xa6""",b'http://fr.allafrica.com/stories/201803100223.html',b'http://allafrica.com/static/images/structure/aa-logo-rgba-no-text-128x128.png',b'2018-03-10T21:58:41Z'
b'Allafrica.com',b'',"b'Afrique:Faire de la Tunisie, la destination sante en Afrique'","b'[Sidwaya] La capitale tunisienne, Tunis, accueille du 7 au 10 mars 2018, la 5e edition de \xc2\xab Tunisia healph expo \xc2\xbb. Organisee par la Societe des foires internationales de Tunis, cette edition qui veut faire de la Tunisie la destination sante en Afrique, abrite\xe2\x80\xa6'",b'http://fr.allafrica.com/stories/201803100025.html',b'http://allafrica.com/static/images/structure/aa-logo-rgba-no-text-128x128.png',b'2018-03-10T09:54:37Z'
b'Allafrica.com',b'',"b'Tunisie:Beja / Testour, un site historique et environnemental a valoriser illico presto'","b' Tunis/Tunisie -Faisant le tour de la grande mosquee de Testour, le visiteur se trouve du cote nord-est ou est visible son celebre minaret rectangulaire pour ensuite acceder a la cour secondaire, autour de la galerie hypostyle qui abrite\xe2\x80\xa6'",b'http://fr.allafrica.com/stories/201803310209.html',b'http://allafrica.com/static/images/structure/aa-logo-rgba-no-text-128x128.png',b'2018-03-31T17:17:06Z'
b'Francetvinfo.fr',b'None',b'Municipales en Tunisie: les islamistes occupent le terrain a Tunis',"b""La campagne pour les municipales (6 mai 2018), les premieres depuis l\xe2\x80\x99independance, se termine a Tunis. Les islamistes d\xe2\x80\x99Ennahda y presentent comme tete de liste une femme, Souad Abderrahim. Mais l'evenement est eclipse par la crainte d\xe2\x80\x99une abstention massive\xe2\x80\xa6""",b'http://geopolis.francetvinfo.fr/municipales-en-tunisie-les-islamistes-occupent-le-terrain-a-tunis-188465',b'None',b'2018-05-03T15:40:18Z'
b'Lexpress.fr',b'None',"b""Tunisie: un millier de femmes manifestent pour l'egalite dans l'heritage""","b""Des Tunisiennes ont defile dans les rues de Tunis pour que les hommes cessent d'heriter le double des femmes.""",b'https://www.lexpress.fr/actualite/monde/afrique/tunisie-un-millier-de-femmes-manifestent-pour-l-egalite-dans-l-heritage_1991393.html',"b'https://static.lexpress.fr/medias_11775/w_605,h_350,c_fill,g_north/v1520712597/protesters-shout-slogans-during-a-march-demanding-equal-inheritance-rights-for-women-in-tunis_6028986.jpg'",b'2018-03-10T20:20:12Z'
b'Allafrica.com',b'',"b""Tunisie:Moody's pointe le niveau eleve des creances douteuses du pays""","b' Tunis -Moody\'s a indique, dans un nouveau rapport publie mercredi, que ""le niveau eleve des creances douteuses en Tunisie continuera de peser sur les performances du credit accorde par les banques du pays"", soulignant que ""les condition\xe2\x80\xa6'",b'http://fr.allafrica.com/stories/201803010251.html',b'http://allafrica.com/static/images/structure/aa-logo-rgba-no-text-128x128.png',b'2018-03-01T08:45:39Z'
b'Liberation',b'Liberation.fr',"b'A Tunis, la nouvelle Cite de la culture divise'","b'Voulue par Ben Ali, abandonnee a la revolution de 2011, la mega-cite de 49 000 m\xc2\xb2 a ete inauguree mercredi. Mais le projet est juge grandiloquent et centralisateur par des artistes alternatifs.'",b'http://next.liberation.fr/culture/2018/03/23/a-tunis-la-nouvelle-cite-de-la-culture-divise_1638329',b'http://md1.libe.com/photo/1107419-000_12x1c8.jpg?modified_at=1521812051&amp;picto=fb&amp;ratio_x=191&amp;ratio_y=100&amp;width=600',b'2018-03-23T14:22:37Z'
b'France24.com',b'FRANCE24',"b'A Tunis, la Cite de la Culture ouvre ses portes'","b""La Cite de la Culture, mega-complexe dont le gouvernement veut faire le c\xc5\x93ur de la culture tunisienne, a ete inauguree en grande pompe, plus de dix ans apres son lancement. Le complexe comprend un musee d'art contemporain, une salle d'opera, deux theatres, un\xe2\x80\xa6""",b'http://www.france24.com/fr/video/20180322-a-tunis-cite-culture-ouvre-portes',b'http://scd.france24.com/fr/files_fr/imagecache/france24_large_652_338/2018-03-22_0817_tunisie.jpeg',b'2018-03-22T09:41:00Z'
b'Jeuneafrique.com',b'Frida Dahmani',"b'"" L\'egalite est un droit, pas une faveur "" : en Tunisie, la premiere marche pour l\'egalite des femmes dans l\'heritage'","b""C'est une premiere dans le monde arabe. Une marche reclamant l'egalite dans l'heritage s'est tenue a Tunis samedi.""",b'http://www.jeuneafrique.com/541269/societe/legalite-est-un-droit-pas-une-faveur-en-tunisie-la-premiere-marche-pour-legalite-des-femmes-dans-lheritage/',b'http://www.jeuneafrique.com/medias/2018/03/12/femmes-1-640x320.jpg',b'2018-03-12T09:00:49Z'
b'Allafrica.com',b'',"b""Tunisie:Municipales 2018 - Les resultats preliminaires officiels attendus d'ici mardi""","b"" Tunis -\xc2\xab Les resultats preliminaires officiels des elections municipales seront proclames d'ici mardi matin au plus tard, declare dimanche soir, Nabil Baffoun, membre de l'Instance superieure independantes pour les elections (ISIE).""",b'http://fr.allafrica.com/stories/201805070374.html',b'http://allafrica.com/static/images/structure/aa-logo-rgba-no-text-128x128.png',b'2018-05-07T09:18:48Z'
b'Allafrica.com',b'',b'Tunisie:Esperance de Tunis - Syam Ben Youssef dans le viseur',"b""[Africa Top Sports] Ancien joueur de l'Esperance de Tunis, Syam Ben Youssef a quitte le club de la capitale en 2011. Le defenseur international tunisien a par la suite evolue dans les championnats anglais, roumain, francais et dernierement turque.""",b'http://fr.allafrica.com/stories/201804210445.html',b'http://allafrica.com/static/images/structure/aa-logo-rgba-no-text-128x128.png',b'2018-04-21T16:42:09Z'
"b""L'equipe""",b'None',"b""Foot - TUN - Tunisie : Incidents lors du match entre l'Esperance sportive de Tunis et l'Etoile sportive du Sahel""","b""La rencontre entre l'Esperance sportive de Tunis et l'Etoile sportive du Sahel s'est conclue par de nombreux incidents ce jeudi..""",b'https://www.lequipe.fr/Football/Actualites/Tunisie-incidents-lors-du-match-entre-l-esperance-sportive-de-tunis-et-l-etoile-sportive-du-sahel/876376',"b'https://medias.lequipe.fr/img-photo-jpg/tunisians-demonstrate-against-a-bill-that-would-protect-those-accused-of-corruption-from-prosecution/1500000000816490/350:732,1429:1450-624-416-75/a922a.jpg'",b'2018-02-15T23:01:00Z'
b'Lefigaro.fr',b'None',"b""Football - Etranger - 38 policiers blesses lors d'un \xc2\xabclasico\xc2\xbb a Tunis""","b""Le match de la 18e journee de championnat, remporte 3-2 par l'EST, a du etre brievement interrompu a deux reprises, notamment en raison de fumigenes...""",b'http://sport24.lefigaro.fr/football/etranger/fil-info/38-policiers-blesses-lors-d-un-clasico-a-tunis-897217',b'None',b'2018-02-15T22:47:12Z'
b'Liberation',b'Liberation.fr',"b""A Tunis, la Cite de la culture divise l'opinion""","b'Voulue par Ben Ali, abandonnee a la revolution de 2011, la mega-cite de 49 000 m\xc2\xb2 a ete inauguree mercredi. Mais le projet est juge grandiloquent et centralisateur par des artistes alternatifs.'",b'http://next.liberation.fr/culture/2018/03/23/a-tunis-la-cite-de-la-culture-divise-l-opinion_1638329',b'http://md1.libe.com/photo/1107419-000_12x1c8.jpg?modified_at=1521812051&amp;picto=fb&amp;ratio_x=191&amp;ratio_y=100&amp;width=600',b'2018-03-23T14:22:37Z'
b'Allafrica.com',b'',"b'Tunisie:Habib Selmi - La revolution est un long processus, et la Tunisie est sur la bonne voie'","b' Tunis -Residant depuis plus de 30 ans en France avec a son actif plusieurs romans traduits dans plusieurs langues (francais, anglais, allemand et italien) le romancier tunisien Habib Selmi aborde dans ses livres la realite tunisienne da\xe2\x80\xa6'",b'http://fr.allafrica.com/stories/201805020942.html',b'http://allafrica.com/static/images/structure/aa-logo-rgba-no-text-128x128.png',b'2018-05-02T15:03:14Z'
b'Lesoir.be',"b'""""'",b'Sander Gille et Joran Vliegen se hissent en demi-finale du Challenger de Tunis',"b'Sander Gille et Joran Vliegen se sont qualifies pour les demi-finales du Challenger de Tunis, un tournoi sur terre battue, jeudi, en Tunisie.'",b'http://www.lesoir.be/152092/article/2018-04-19/sander-gille-et-joran-vliegen-se-hissent-en-demi-finale-du-challenger-de-tunis',b'http://www.lesoir.be/sites/default/files/dpistyles_v2/ena_16_9_extra_big/2018/04/19/node_152092/19514057/public/2018/04/19/B9715448057Z.1_20180419152646_000+G3OB4OSO8.2-0.jpg?itok=RUxv61Ak',b'2018-04-19T13:26:46Z'
b'Lepoint.fr',b'Benoit Delmas',b'Tunisie : des municipales aux enjeux nationaux',"b'REPORTAGE. Pour la premiere fois de leur histoire, les Tunisiens eliront leurs conseils municipaux democratiquement. Carnet de campagne a La Marsa, banlieue nord de Tunis.'",b'http://afrique.lepoint.fr/actualites/tunisie-des-municipales-aux-enjeux-nationaux-24-04-2018-2212949_2365.php',b'http://afrique.lepoint.fr/images/2018/04/24/14572662lpaw-14572688-article-tunisiavote-jpg_5188598.jpg',b'2018-04-24T07:42:00Z'
b'Liberation',b'Liberation.fr',"b'\xc2\xabL\xe2\x80\x99Amour des hommes\xc2\xbb, boulevard de cliches a Tunis'","b'Trop simpliste et manquant de rythme, \xc2\xabl\xe2\x80\x99Amour des hommes\xc2\xbb, de Mehdi Ben Attia, dresse le portrait d\xe2\x80\x99une jeune veuve qui s\xe2\x80\x99emancipe par la photo de charme au masculin.'",b'http://next.liberation.fr/cinema/2018/02/27/l-amour-des-hommes-boulevard-de-cliches-a-tunis_1632717',b'http://md1.libe.com/photo/1100414-photo_hd_05jpg.jpg?modified_at=1519755675&amp;picto=fb&amp;ratio_x=191&amp;ratio_y=100&amp;width=600',b'2018-02-27T18:16:12Z'
b'Le Monde',b'Frederic Bobin',"b'En Tunisie, le debat sur l\xe2\x80\x99egalite entre hommes et femmes en matiere d\xe2\x80\x99heritage s\xe2\x80\x99installe'",b'Deux mille personnes ont manifeste samedi 10 mars a Tunis pour reclamer la fin de l\xe2\x80\x99\xc2\xab injustice \xc2\xbb imposant l\xe2\x80\x99inegalite successorale entre hommes et femmes.',b'http://www.lemonde.fr/afrique/article/2018/03/10/en-tunisie-le-debat-sur-l-egalite-entre-hommes-et-femmes-en-matiere-d-heritage-s-installe_5268946_3212.html',b'http://img.lemde.fr/2018/03/10/180/0/3500/1750/600/315/60/0/a07370c_GGGZOUE01_TUNISIA-WOMEN-_0310_11.JPG',b'2018-03-10T19:36:24Z'
b'Allafrica.com',b'',b'Tunisie:Club Africain - Assemblee generale elective le 20 ou le 27 mai',"b'[Africa Top Sports] Le Club Africain de Tunis tiendra son Assemblee generale elective le 20 ou 27 mai prochain, soit a la fin de la saison sportive actuelle.'",b'http://fr.allafrica.com/stories/201803050304.html',b'http://allafrica.com/static/images/structure/aa-logo-rgba-no-text-128x128.png',b'2018-03-05T09:24:42Z'
b'Allafrica.com',b'',"b""Tunisie:Le president de la Republique s'entretient avec le chef du gouvernement""","b"" Carthage -Le president de la Republique, Beji Caid Essebsi, s'est entretenu, mercredi, au Palais de Carthage, avec le chef du gouvernement, Youssef Chahed.""",b'http://fr.allafrica.com/stories/201804040707.html',b'http://allafrica.com/static/images/structure/aa-logo-rgba-no-text-128x128.png',b'2018-04-04T18:40:02Z'
b'Allafrica.com',b'',"b""Libye:Saif al-Islam Kadhafi annonce sa candidature a l'election presidentielle""","b""[RFI] Saif al-Islam Kadhafi, le fils de l'ancien guide libyen, a annonce officiellement lundi 19 mars a partir de Tunis, via l'un de ses representants, Ayman Bouras, sa candidature pour l'election presidentielle prevue cette annee en Libye. Il a choisi Tunis,\xe2\x80\xa6""",b'http://fr.allafrica.com/stories/201803200308.html',b'http://allafrica.com/static/images/structure/aa-logo-rgba-no-text-128x128.png',b'2018-03-20T09:12:20Z'
b'Jeuneafrique.com',b'Quentin Velluet',"b""Tunisie : une trentaine de postes a pourvoir lors d'une matinee de recrutement pour l'entreprise HLi""","b""L'entreprise de service numerique HLi veut recruter 20 a 30 personnes lors d'une matinee de recrutement qui aura lieu au Sheraton de Tunis le 5 mai prochain.""",b'http://www.jeuneafrique.com/emploi-formation/555737/tunisie-une-trentaine-de-postes-a-pourvoir-lors-dune-matinee-de-recrutement-pour-lentreprise-hli/',b'http://www.jeuneafrique.com/medias/2018/04/27/vue-sur-le-belvdre-de-tunis-mashhour-halawani-flickr-2017-640x320-1524837956.jpg',b'2018-04-27T14:08:12Z'
b'Lepoint.fr',b'Benoit Delmas',"b""Maghreb : l'ordonnance du Dr FMI""","b""CHRONIQUE. Si les situations economiques ne sont pas similaires de Rabat a Tunis, les recommandations de l'institution le sont souvent. Posologie des traitements.""",b'http://afrique.lepoint.fr/economie/maghreb-l-ordonnance-du-dr-fmi-14-03-2018-2202448_2258.php',b'http://afrique.lepoint.fr/images/2018/03/14/13903076lpaw-13903364-article-tunisiaeconomypoliticsimflagarde-jpg_5080346.jpg',b'2018-03-14T16:08:00Z'
b'Lepoint.fr',b'Le Point.fr',"b'Tunis inaugure sa pharaonique Cite de la Culture, avec Claudia Cardinale'","b""Claudia Cardinale, concert du tout nouvel orchestre de l'opera de Tunis: la Cite de la Culture, mega-complexe dont le gouvernement veut faire le...""",b'http://www.lepoint.fr/culture/tunis-inaugure-sa-pharaonique-cite-de-la-culture-avec-claudia-cardinale-21-03-2018-2204559_3.php',b'http://www.lepoint.fr/images/2018/03/21/14057669lpw-14057665-article-jpg_5102719.jpg',b'2018-03-21T20:25:00Z'
b'Jeuneafrique.com',b'Mathieu Galtier',b'Tunisie : Metis Innovations Group recrute 200 informaticiens',"b""Fraichement installee a Tunis, la filiale locale du groupe Metis Innovations Group veut embaucher 200 developpeurs et graphistes informatiques d'ici 2020.""",b'http://www.jeuneafrique.com/emploi-formation/540906/tunisie-metis-innovations-group-recrute-200-informaticiens/',b'http://www.jeuneafrique.com/medias/2018/03/09/quartiers-des-berges-du-lac-tunis-citizen59-flickr-aot-2010-640x320-1520615187.jpg',b'2018-03-09T17:05:22Z'
b'Lepoint.fr',b'Le Point.fr',"b'Femen: des militantes ""topless"" passees de la lumiere a l\'ombre en dix ans'","b""Seins nus, elles denoncent l'oppression politique et religieuse, veulent depoussierer le combat feministe de Kiev a Tunis. Mais dix ans apres leur...""",b'http://www.lepoint.fr/societe/femen-des-militantes-topless-passees-de-la-lumiere-a-l-ombre-en-dix-ans-06-03-2018-2199975_23.php',b'http://www.lepoint.fr/images/2018/03/06/13769038lpw-13769033-article-jpg_5055131.jpg',b'2018-03-06T08:04:00Z'
b'Le Monde',b'Frederic Bobin',b'L\xe2\x80\x99autoderision radicale du dessinateur algerien Salim Zerrouki',"b'Installe a Tunis, Salim Zerrouki fait paraitre une premiere bande dessinee ou il se moque crument des travers des societes maghrebines.'",b'http://www.lemonde.fr/afrique/article/2018/03/10/l-autoderision-radicale-du-dessinateur-algerien-salim-zerrouki_5268635_3212.html',b'http://s1.lemde.fr/image/2018/03/10/600x315/5268632_3_8677_salim-zerrouki-a-tunis-le-3-mars_bb5bb37928bd3f14e3f48d7a3cc2b0b0.jpg',b'2018-03-10T05:30:50Z'
b'Jeuneafrique.com',b'Frida Dahmani',"b'Tunisie : la Cite de la culture, un temple pour les arts et pour tous'","b""Apres des travaux qui ont defigure pendant douze ans l'avenue Mohammed-V, l'une des principales arteres de Tunis, la Cite de la culture est inauguree le 21 mars.""",b'http://www.jeuneafrique.com/mag/543159/culture/tunisie-la-cite-de-la-culture-un-temple-pour-les-arts-et-pour-tous/',b'http://www.jeuneafrique.com/medias/2018/03/23/web20787-640x320-1522254808.jpg',b'2018-03-29T06:05:16Z'
b'Allafrica.com',b'',b'Tunisie:Municipales 2018 - Nida Tounes et Ennahdha presents dans toutes les circonscriptions',"b' Tunis -Les partis de Nida Tounes et Ennahdha ont ete les seuls partis a avoir presente des listes dans toutes les 350 circonscriptions des elections municipales prevues le 6 mai prochain, se taillant 64 % de la totalite des listes en li\xe2\x80\xa6'",b'http://fr.allafrica.com/stories/201802240114.html',b'http://allafrica.com/static/images/structure/aa-logo-rgba-no-text-128x128.png',b'2018-02-24T11:22:18Z'
b'Allafrica.com',b'',"b""Tunisie:Gafsa-Phosphate - Le gouvernement suspend toutes les propositions d'emploi dans les centres de production a l'arret jusqu'a la reprise de la production (communique)""","b"" Tunis -Un conseil ministeriel restreint, preside samedi a la Kasbah par le chef du gouvernement Youssef Chahed, a decide de suspendre toutes les propositions d'emploi aux centres de production de phosphate a l'arret et de geler tous les\xe2\x80\xa6""",b'http://fr.allafrica.com/stories/201803030314.html',b'http://allafrica.com/static/images/structure/aa-logo-rgba-no-text-128x128.png',b'2018-03-03T21:43:37Z'
b'Allafrica.com',b'',"b'Tunisie:""Un reseau qui planifiait de faire chuter le ministere de l\'interieur decouvert"", selon le syndicat de la securite republicaine'","b' Tunis -""Un reseau au sein des appareils de l\'Etat qui tentait de faire chuter le ministere de l\'interieur, provoquer une scission et envenimer les relations entre le pouvoir judiciaire et les corps de securite afin de semer la sedition \xe2\x80\xa6'",b'http://fr.allafrica.com/stories/201803100225.html',b'http://allafrica.com/static/images/structure/aa-logo-rgba-no-text-128x128.png',b'2018-03-10T21:59:43Z'
b'Allafrica.com',b'None',"b""Tunisie:Les Tunisiens votent aujourd'hui pour les premieres elections municipales apres la revolution""","b"" Tunis -Quelque 5 369 892 electeurs sont attendus aujourd'hui 6 mai 2018 pour les premieres elections municipales apres la revolution. Les dernieres municipales en date ont eu lieu en 2010. Les bureaux de vote sont ouverts a 8h00 jusqu'a\xe2\x80\xa6""",b'http://fr.allafrica.com/stories/201805070338.html',b'None',b'2018-05-07T09:05:01Z'
b'Allafrica.com',b'',"b'Afrique:42eme AG FANAF - Bye Bye Kigali, bonjour Tunis'","b""[] Les travaux de la 42eme AG de la FANAF ont pris fin aujourd'hui, a Kigali, au Kigali convention center. L'AG a decide que la prochaine edition aura lieu a Tunis, en fevrier 2019.""",b'http://fr.allafrica.com/stories/201802150796.html',b'http://allafrica.com/static/images/structure/aa-logo-rgba-no-text-128x128.png',b'2018-02-15T17:16:44Z'
"b""L'equipe""",b'None',"b""Foot - TUN - Violences - Tunisie : l'Esperance de Tunis sanctionne pour les violences lors du clasico contre l'Etoile sportive du Sahel""","b""L'Esperance sportive de Tunis devra jouer ses trois prochains matches a huis clos apres les violences qui ont emaille son match contre l'Etoile sportive du Sahel (ESS)..""",b'https://www.lequipe.fr/Football/Actualites/Tunisie-l-esperance-de-tunis-sanctionne-pour-les-violences-lors-du-clasico-contre-l-etoile-sportive-du-sahel/876759',"b'https://medias.lequipe.fr/img-photo-jpg/tunisian-esperance-de-tunis-supporters-react-during-the-african-champions-league-quarter-final-footb/1500000000911940/0:29,2454:1664-624-416-75/191e5.jpg'",b'2018-02-17T10:31:00Z'
b'Mediapart.fr',b'lilia Blaise',"b'Dans les quartiers populaires de Tunis, des municipales tres attendues'","b'A Kabaria, le terrain vague cense servir d\xe2\x80\x99espace vert et de detente. \xc2\xa9 L. B. De Hay Ettadhamen, une des cites les plus peuplees de Tunis, au Kram Ouest, en banlieue de la capitale, en passant par les rues d\xe2\x80\x99El Kabaria, la majorite des habitants esperent un c\xe2\x80\xa6'",b'https://www.mediapart.fr/journal/international/050518/dans-les-quartiers-populaires-de-tunis-des-municipales-tres-attendues?onglet=full',b'https://static.mediapart.fr/etmagine/default/files/2018/05/05/dsc-1839.jpg',b'2018-05-05T16:02:47Z'
b'Jeuneafrique.com',b'Oumeima Nechi',"b""Souad Abderrahim, probable future maire de Tunis et vitrine d'Ennahdha""","b'Figure de proue du parti islamiste Ennadha, Souad Abderrahim, 53 ans, sera tres probablement la premiere femme a prendre la tete de la mairie de Tunis.'",b'http://www.jeuneafrique.com/557963/politique/souad-abderrahim-probable-future-maire-de-tunis-et-vitrine-dennahdha/',b'http://www.jeuneafrique.com/medias/2018/05/07/336160_174017712685906_508553689_o-640x320-1525714791.jpg',b'2018-05-07T17:40:06Z'
b'France24.com',b'FRANCE24',b'Municipales/Tunisie: Ennahdha en tete mais sans majorite a Tunis',"b""Le parti islamiste Ennahdha est arrive en tete a Tunis a l'issue des premieres municipales democratiques du pays, un resultat qui ne lui garantit cependant pas de controler la capitale a defaut de majorite. Ennahdha a obtenu 21 sieges sur 60 dans la capitale,\xe2\x80\xa6""",b'http://www.france24.com/fr/20180509-municipalestunisie-ennahdha-tete-mais-majorite-a-tunis',b'http://scd.france24.com/fr/files_fr/imagecache/home_1024/images/afp/d30381efcefc178ba8e7e2740a8102c6fcb366d3.jpg',b'2018-05-09T21:11:14Z'
b'Lesoir.be',"b'""""'",b'Tunisie: faible participation aux premieres municipales libres',"b'Le taux de participation n\xe2\x80\x99a atteint que 33,7\xc2\xa0% au niveau national, et seulement 26\xc2\xa0% a Tunis.'",b'http://www.lesoir.be/155285/article/2018-05-07/tunisie-faible-participation-aux-premieres-municipales-libres',b'http://www.lesoir.be/sites/default/files/dpistyles_v2/ena_16_9_extra_big/2018/05/07/node_155285/20431126/public/2018/05/07/B9715628028Z.1_20180507063325_000+GLNB84G87.2-0.jpg?itok=a4m1-EZ6',b'2018-05-07T04:33:25Z'
b'Ledevoir.com',b'webmestre@ledevoir.com (Agence France-Presse)',b'Premieres elections municipales libres en Tunisie',"b'Tunis \xe2\x80\x94 Cinq millions de Tunisiens s\xe2\x80\x99appretent a elire dimanche les conseils municipaux du pays,...'",b'https://www.ledevoir.com/monde/afrique/527041/premieres-elections-municipales-libres-en-tunisie',b'//www.ledevoir.com/images/ul/graphiques/logo_devoir_facebook.gif?20131118',b'2018-05-05T02:03:23Z'
b'Lefigaro.fr',b'Le Figaro.fr avec AFP',b'Tunis: le parti islamiste en tete des elections municipales',"b""Le parti islamiste Ennahdha est arrive en tete a Tunis a l'issue des premieres municipales democratiques du pays, sans pour autant disposer de la majorite absolue requise pour l'election du maire, sel...""",b'http://www.lefigaro.fr/flash-actu/2018/05/09/97001-20180509FILWWW00324-tunis-le-parti-islamiste-en-tete-des-elections-municipales.php',b'None',b'2018-05-09T20:02:33Z'
b'Lepoint.fr',b'Le Point.fr',b'Municipales/Tunisie: Ennahdha en tete mais sans majorite a Tunis',"b""Le parti islamiste Ennahdha est arrive en tete a Tunis a l'issue des premieres municipales democratiques du pays, un resultat qui ne lui garantit...""",b'http://www.lepoint.fr/monde/municipales-tunisie-ennahdha-en-tete-mais-sans-majorite-a-tunis-09-05-2018-2217265_24.php',b'http://www.lepoint.fr/images/2018/05/09/14808554lpw-14808550-article-jpg_5229638.jpg',b'2018-05-09T21:11:00Z'
b'Allafrica.com',b'',"b'Tunisie:Municipales 2018 - ""Le faible taux de participation au scrutin municipal est un message fort dont il faut en tirer les lecons"", souligne Youssef Chahed'","b' Tunis -\xc2\xab Le taux de participation aux elections municipales est beaucoup plus faible que les taux enregistres au cours des precedentes echeances electorales post-revolution \xc2\xbb, a declare ce dimanche, jour du scrutin municipal, le chef du\xe2\x80\xa6'",b'http://fr.allafrica.com/stories/201805070408.html',b'http://allafrica.com/static/images/structure/aa-logo-rgba-no-text-128x128.png',b'2018-05-07T09:39:35Z'
b'Allafrica.com',b'',"b""Tunisie:Municipales 2018 - Taux de participation de 4,5 pc jusqu'a 10h00 (ISIE)""","b"" Tunis -Jusqu'a dix heures, le taux de participation aux elections municipales a atteint 4,5 pc, a indique l'Instance superieure independante pour les elections. Environ 240 mille et 253 electeurs ont donne leur voix a travers les differ\xe2\x80\xa6""",b'http://fr.allafrica.com/stories/201805070271.html',b'http://allafrica.com/static/images/structure/aa-logo-rgba-no-text-128x128.png',b'2018-05-07T08:47:02Z'
b'Jeuneafrique.com',b'Frida Dahmani',"b""Tunisie : ce que l'on sait du futur aeroport international de Bizerte""","b""Parmi les mega-projets de la Tunisie, la construction d'un nouvel aeroport international pouvant desservir Tunis a ete regulierement evoquee depuis 2012. L'appel d'offres pour l'etude du projet sera lance dans les prochains mois, pour une livraison prevue en \xe2\x80\xa6""",b'http://www.jeuneafrique.com/539993/economie/tunisie-ce-que-lon-sait-du-futur-aeroport-international-de-bizerte/',b'http://www.jeuneafrique.com/medias/2015/07/22/tunis-aeroport-640x320-1520435083.jpg',b'2018-03-07T14:53:37Z'
b'Allafrica.com',b'',b'Tunisie:Mahdia-Municipales 2018 - Decompte des voix dans toutes les municipalites',"b"" Mahdia -L'operation de depouillement des voix dans toutes les municipalites au gouvernorat de Mahdia a ete parachevee.""",b'http://fr.allafrica.com/stories/201805090301.html',b'http://allafrica.com/static/images/structure/aa-logo-rgba-no-text-128x128.png',b'2018-05-09T08:39:53Z'
b'Allafrica.com',b'',b'Afrique:Liberte de la presse - La Tunisie preserve son rang',"b""[La Presse] Lors d'une conference de presse organisee hier a Tunis, Virginie Dangles, redactrice en chef de RSF, a souligne que la Tunisie reste un modele ou la liberte de la presse est relativement satisfaisante.""",b'http://fr.allafrica.com/stories/201804260734.html',b'http://allafrica.com/static/images/structure/aa-logo-rgba-no-text-128x128.png',b'2018-04-26T12:21:43Z'
b'Allafrica.com',b'',b'Tunisie:Hommage et reconnaissance aux plumes du savoir',"b""[La Presse] Tel qu'annonce par les organisateurs lors de la conference de presse, les prix de la Foire internationale du livre de Tunis ont ete decernes lors de la ceremonie d'ouverture.""",b'http://fr.allafrica.com/stories/201804080156.html',b'http://allafrica.com/static/images/structure/aa-logo-rgba-no-text-128x128.png',b'2018-04-08T19:53:09Z'
b'Sofoot.com',b'SO FOOT',"b""Club Africain : Marchand s'en va deja""","b""Le Club Africain est un grand consommateur d'entraineurs, et il vient de le prouver une nouvelle fois. Bertrand Marchand, l'ancien coach de Guingamp et Rennes, revenu a Tunis en\xe2\x80\xa6""",b'http://www.sofoot.com/club-africain-marchand-s-en-va-deja-454637.html',b'http://www.sofoot.com/IMG/img-club-africain-marchand-s-en-va-deja-1524006646_x600_articles-454637.jpg',b'2018-04-17T22:06:00Z'
b'Allafrica.com',b'',"b""Tunisie:FIFOG 2018 - Tahar Houchi fait le bilan d'un Festival du film Oriental fonde il y a 13 ans a Geneve""","b' Geneve/Tunisie -Initialement journaliste puis realisateur mais aussi acteur, Tahar Houchi est le fondateur et directeur artistique du Festival international du Film Oriental de Geneve (FIFOG), un jeune festival qui fete deja ses 13 ans \xe2\x80\xa6'",b'http://fr.allafrica.com/stories/201804300213.html',b'http://allafrica.com/static/images/structure/aa-logo-rgba-no-text-128x128.png',b'2018-04-30T08:32:01Z'
b'Lexpress.fr',b'None',b'Premieres elections municipales libres dimanche en Tunisie',"b""Tunis - Cinq millions de Tunisiens s'appretent a elire dimanche les conseils municipaux du pays, lors du premier scrutin local libre, attendu de longue date pour enraciner la democratie dans le seul pays rescape du Printemps arabe.""",b'https://www.lexpress.fr/actualites/1/monde/premieres-elections-municipales-libres-dimanche-en-tunisie_2005872.html',"b'https://static.lexpress.fr/medias_11824/w_605,h_350,c_fill,g_north/v1525422311/un-policier-tunisien-vote-pour-les-elections-municipales-dans-un-bureau-de-vote-de-tunis-le-29-avril-2018_6054274.jpg'",b'2018-05-04T08:24:07Z'
b'Allafrica.com',b'',b'Tunisie:1.060 dossiers de corruption soumis a la justice',"b""[La Presse] S'exprimant a Tunis lors d'une conference de presse, Selliti a precise que 339 affaires ont ete deja cloturees, faisant etat de l'arrestation de 38 individus pour des suspicions de corruption, de blanchiment de capitaux et de crimes douaniers.""",b'http://fr.allafrica.com/stories/201805040313.html',b'http://allafrica.com/static/images/structure/aa-logo-rgba-no-text-128x128.png',b'2018-05-04T08:47:16Z'
b'Allafrica.com',b'',"b""Tunisie:Monastir - Deux morts et 65 blessees dans l'accident d'un autobus transportant des ouvrieres a Sidi Bennour [Upd 1]""","b"" Monastir -Un grave accident s'est produit, samedi vers 6h30 du matin, au niveau de la route principale a Sidi Bennour (gouvernorat de Monastir), entre deux autobus de transport d'ouvrieres, faisant deux morts et 65 blessees.""",b'http://fr.allafrica.com/stories/201804080010.html',b'http://allafrica.com/static/images/structure/aa-logo-rgba-no-text-128x128.png',b'2018-04-08T10:39:35Z'
b'Allafrica.com',b'',b'Tunisie:Sidi Bouzid/Municipales 2018 - Fiche technique',"b"" Sidi Bouzid -Le gouvernorat de Sidi Bouzid, situe au centre de la Tunisie, s'etend sur 6994 km2. Il compte 17 municipalites dont six nouvellement creees (Essaida, Fayedh Bannour, Lassouda, Baten Leghzal, Mansoura et Rahal).""",b'http://fr.allafrica.com/stories/201804210469.html',b'http://allafrica.com/static/images/structure/aa-logo-rgba-no-text-128x128.png',b'2018-04-21T17:35:25Z'
b'Lexpress.fr',b'None',"b'Pour la premiere fois en Tunisie, des policiers et militaires votent'","b""Tunis - Pour la premiere fois dans l'histoire de la Tunisie, des policiers et militaires peuvent se rendre dimanche dans un bureau de vote pour mettre leur bulletin dans l'urne, a l'occasion du premier scrutin municipal depuis la revolution de 2011.""",b'https://www.lexpress.fr/actualites/1/monde/pour-la-premiere-fois-en-tunisie-des-policiers-et-militaires-votent_2004517.html',"b'https://static.lexpress.fr/medias_11820/w_605,h_350,c_fill,g_north/v1524995651/un-policier-tunisien-en-habits-civils-vote-pour-l-election-municipale-dans-un-bureau-de-tunis-le-29-avril-2018-pour-la-premiere-fois-dans-l-histoire-de-la-tunisie-les-policiers-et-militaires-sont-autorises-a-voter_6052324.jpg'",b'2018-04-29T09:53:26Z'
